,min,max
k600_a,500,1500
k600_b,0.9,1.1
gw_DIC,0.3233614221823529,0.5
wet_DIC,0.3233614221823529,0.5
gw_CO2_delta,-32,-18
wet_CO2_delta,-32,-18
gw_rn,400,800
