,min,max
k600_a,500,1500
k600_b,0.6,1.2
gw_DIC,0.3233614221823529,0.8
wet_DIC,0.3233614221823529,0.8
gw_CO2_delta,-32,-18
wet_CO2_delta,-32,-18
gw_rn,200,800
